"","subject","order","condition","trial_number","rating","encoding_phase","memorised","learned","never_learned","forgotten","performance","number_of_trials"
"1","sub-01","D-R","Rest","26",2,"E2",1,0,0,0,1,22
"2","sub-01","D-R","Rest","27",0,"E2",1,0,0,0,1,22
"3","sub-01","D-R","Rest","28",3,"E2",1,0,0,0,1,22
"4","sub-01","D-R","Rest","29",3,"E2",1,0,0,0,1,22
"5","sub-01","D-R","Rest","30",3,"E2",1,0,0,0,1,22
"6","sub-01","D-R","Rest","31",1,"E2",1,0,0,0,1,22
"7","sub-01","D-R","Rest","33",3,"E2",1,0,0,0,1,22
"8","sub-01","D-R","Rest","34",0,"E2",1,0,0,0,1,22
"9","sub-01","D-R","Rest","35",0,"E2",1,0,0,0,1,22
"10","sub-01","D-R","Rest","36",3,"E2",1,0,0,0,1,22
"11","sub-01","D-R","Rest","37",1,"E2",1,0,0,0,1,22
"12","sub-01","D-R","Rest","39",1,"E2",1,0,0,0,1,22
"13","sub-01","D-R","Rest","40",3,"E2",1,0,0,0,1,22
"14","sub-01","D-R","Rest","41",1,"E2",1,0,0,0,1,22
"15","sub-01","D-R","Rest","42",0,"E2",1,0,0,0,1,22
"16","sub-01","D-R","Rest","43",3,"E2",1,0,0,0,1,22
"17","sub-01","D-R","Rest","44",0,"E2",1,0,0,0,1,22
"18","sub-01","D-R","Rest","45",1,"E2",1,0,0,0,1,22
"19","sub-01","D-R","Rest","46",1,"E2",1,0,0,0,1,22
"20","sub-01","D-R","Rest","47",0,"E2",1,0,0,0,1,22
"21","sub-01","D-R","Rest","49",2,"E2",1,0,0,0,1,22
"22","sub-01","D-R","Rest","50",0,"E2",1,0,0,0,1,22
"23","sub-01","D-R","Distraction","1",1,"E1",1,0,0,0,1,16
"24","sub-01","D-R","Distraction","10",2,"E1",1,0,0,0,1,16
"25","sub-01","D-R","Distraction","11",0,"E1",1,0,0,0,1,16
"26","sub-01","D-R","Distraction","17",1,"E1",1,0,0,0,1,16
"27","sub-01","D-R","Distraction","18",3,"E1",1,0,0,0,1,16
"28","sub-01","D-R","Distraction","19",3,"E1",1,0,0,0,1,16
"29","sub-01","D-R","Distraction","2",1,"E1",1,0,0,0,1,16
"30","sub-01","D-R","Distraction","20",3,"E1",1,0,0,0,1,16
"31","sub-01","D-R","Distraction","21",0,"E1",1,0,0,0,1,16
"32","sub-01","D-R","Distraction","22",2,"E1",1,0,0,0,1,16
"33","sub-01","D-R","Distraction","23",2,"E1",1,0,0,0,1,16
"34","sub-01","D-R","Distraction","24",3,"E1",1,0,0,0,1,16
"35","sub-01","D-R","Distraction","3",2,"E1",1,0,0,0,1,16
"36","sub-01","D-R","Distraction","4",2,"E1",1,0,0,0,1,16
"37","sub-01","D-R","Distraction","6",0,"E1",1,0,0,0,1,16
"38","sub-01","D-R","Distraction","9",2,"E1",0,0,0,1,0,16
"39","sub-07","R-D","Rest","12",1,"E1",1,0,0,0,1,16
"40","sub-07","R-D","Rest","13",1,"E1",1,0,0,0,1,16
"41","sub-07","R-D","Rest","14",2,"E1",1,0,0,0,1,16
"42","sub-07","R-D","Rest","15",3,"E1",1,0,0,0,1,16
"43","sub-07","R-D","Rest","17",1,"E1",1,0,0,0,1,16
"44","sub-07","R-D","Rest","18",0,"E1",1,0,0,0,1,16
"45","sub-07","R-D","Rest","20",0,"E1",1,0,0,0,1,16
"46","sub-07","R-D","Rest","21",1,"E1",1,0,0,0,1,16
"47","sub-07","R-D","Rest","22",1,"E1",1,0,0,0,1,16
"48","sub-07","R-D","Rest","23",1,"E1",1,0,0,0,1,16
"49","sub-07","R-D","Rest","24",0,"E1",1,0,0,0,1,16
"50","sub-07","R-D","Rest","25",1,"E1",0,0,0,1,0,16
"51","sub-07","R-D","Rest","5",0,"E1",1,0,0,0,1,16
"52","sub-07","R-D","Rest","7",1,"E1",1,0,0,0,1,16
"53","sub-07","R-D","Rest","8",0,"E1",1,0,0,0,1,16
"54","sub-07","R-D","Rest","9",1,"E1",1,0,0,0,1,16
"55","sub-07","R-D","Distraction","27",0,"E2",1,0,0,0,1,21
"56","sub-07","R-D","Distraction","28",1,"E2",1,0,0,0,1,21
"57","sub-07","R-D","Distraction","29",2,"E2",1,0,0,0,1,21
"58","sub-07","R-D","Distraction","30",0,"E2",1,0,0,0,1,21
"59","sub-07","R-D","Distraction","31",2,"E2",1,0,0,0,1,21
"60","sub-07","R-D","Distraction","32",0,"E2",1,0,0,0,1,21
"61","sub-07","R-D","Distraction","33",3,"E2",1,0,0,0,1,21
"62","sub-07","R-D","Distraction","34",0,"E2",1,0,0,0,1,21
"63","sub-07","R-D","Distraction","36",1,"E2",1,0,0,0,1,21
"64","sub-07","R-D","Distraction","37",1,"E2",1,0,0,0,1,21
"65","sub-07","R-D","Distraction","38",0,"E2",1,0,0,0,1,21
"66","sub-07","R-D","Distraction","39",0,"E2",1,0,0,0,1,21
"67","sub-07","R-D","Distraction","41",0,"E2",1,0,0,0,1,21
"68","sub-07","R-D","Distraction","42",1,"E2",1,0,0,0,1,21
"69","sub-07","R-D","Distraction","43",1,"E2",1,0,0,0,1,21
"70","sub-07","R-D","Distraction","44",0,"E2",1,0,0,0,1,21
"71","sub-07","R-D","Distraction","45",0,"E2",1,0,0,0,1,21
"72","sub-07","R-D","Distraction","46",0,"E2",1,0,0,0,1,21
"73","sub-07","R-D","Distraction","47",1,"E2",1,0,0,0,1,21
"74","sub-07","R-D","Distraction","49",1,"E2",1,0,0,0,1,21
"75","sub-07","R-D","Distraction","50",0,"E2",1,0,0,0,1,21
"76","sub-10","D-R","Rest","26",3,"E2",1,0,0,0,1,11
"77","sub-10","D-R","Rest","32",3,"E2",1,0,0,0,1,11
"78","sub-10","D-R","Rest","33",0,"E2",1,0,0,0,1,11
"79","sub-10","D-R","Rest","34",0,"E2",1,0,0,0,1,11
"80","sub-10","D-R","Rest","35",0,"E2",1,0,0,0,1,11
"81","sub-10","D-R","Rest","41",2,"E2",1,0,0,0,1,11
"82","sub-10","D-R","Rest","42",1,"E2",1,0,0,0,1,11
"83","sub-10","D-R","Rest","43",0,"E2",0,0,0,1,0,11
"84","sub-10","D-R","Rest","45",3,"E2",1,0,0,0,1,11
"85","sub-10","D-R","Rest","47",1,"E2",1,0,0,0,1,11
"86","sub-10","D-R","Rest","48",2,"E2",1,0,0,0,1,11
"87","sub-10","D-R","Distraction","11",3,"E1",1,0,0,0,1,14
"88","sub-10","D-R","Distraction","13",2,"E1",1,0,0,0,1,14
"89","sub-10","D-R","Distraction","15",1,"E1",1,0,0,0,1,14
"90","sub-10","D-R","Distraction","17",1,"E1",1,0,0,0,1,14
"91","sub-10","D-R","Distraction","18",0,"E1",0,0,0,1,0,14
"92","sub-10","D-R","Distraction","2",2,"E1",0,0,0,1,0,14
"93","sub-10","D-R","Distraction","21",0,"E1",1,0,0,0,1,14
"94","sub-10","D-R","Distraction","24",0,"E1",0,0,0,1,0,14
"95","sub-10","D-R","Distraction","25",0,"E1",1,0,0,0,1,14
"96","sub-10","D-R","Distraction","3",0,"E1",0,0,0,1,0,14
"97","sub-10","D-R","Distraction","5",0,"E1",1,0,0,0,1,14
"98","sub-10","D-R","Distraction","6",1,"E1",1,0,0,0,1,14
"99","sub-10","D-R","Distraction","8",1,"E1",1,0,0,0,1,14
"100","sub-10","D-R","Distraction","9",3,"E1",1,0,0,0,1,14
"101","sub-12","R-D","Rest","1",0,"E1",1,0,0,0,1,22
"102","sub-12","R-D","Rest","10",1,"E1",1,0,0,0,1,22
"103","sub-12","R-D","Rest","11",0,"E1",1,0,0,0,1,22
"104","sub-12","R-D","Rest","12",1,"E1",0,0,0,1,0,22
"105","sub-12","R-D","Rest","14",0,"E1",1,0,0,0,1,22
"106","sub-12","R-D","Rest","17",0,"E1",1,0,0,0,1,22
"107","sub-12","R-D","Rest","18",0,"E1",1,0,0,0,1,22
"108","sub-12","R-D","Rest","19",1,"E1",1,0,0,0,1,22
"109","sub-12","R-D","Rest","2",2,"E1",0,0,0,1,0,22
"110","sub-12","R-D","Rest","20",1,"E1",1,0,0,0,1,22
"111","sub-12","R-D","Rest","21",3,"E1",1,0,0,0,1,22
"112","sub-12","R-D","Rest","22",2,"E1",1,0,0,0,1,22
"113","sub-12","R-D","Rest","23",1,"E1",1,0,0,0,1,22
"114","sub-12","R-D","Rest","24",0,"E1",1,0,0,0,1,22
"115","sub-12","R-D","Rest","25",1,"E1",1,0,0,0,1,22
"116","sub-12","R-D","Rest","3",1,"E1",1,0,0,0,1,22
"117","sub-12","R-D","Rest","4",0,"E1",1,0,0,0,1,22
"118","sub-12","R-D","Rest","5",1,"E1",1,0,0,0,1,22
"119","sub-12","R-D","Rest","6",1,"E1",1,0,0,0,1,22
"120","sub-12","R-D","Rest","7",1,"E1",1,0,0,0,1,22
"121","sub-12","R-D","Rest","8",0,"E1",1,0,0,0,1,22
"122","sub-12","R-D","Rest","9",1,"E1",1,0,0,0,1,22
"123","sub-12","R-D","Distraction","27",0,"E2",1,0,0,0,1,20
"124","sub-12","R-D","Distraction","28",0,"E2",1,0,0,0,1,20
"125","sub-12","R-D","Distraction","29",3,"E2",1,0,0,0,1,20
"126","sub-12","R-D","Distraction","30",0,"E2",1,0,0,0,1,20
"127","sub-12","R-D","Distraction","32",1,"E2",1,0,0,0,1,20
"128","sub-12","R-D","Distraction","33",1,"E2",1,0,0,0,1,20
"129","sub-12","R-D","Distraction","34",1,"E2",1,0,0,0,1,20
"130","sub-12","R-D","Distraction","35",0,"E2",1,0,0,0,1,20
"131","sub-12","R-D","Distraction","37",0,"E2",1,0,0,0,1,20
"132","sub-12","R-D","Distraction","38",0,"E2",1,0,0,0,1,20
"133","sub-12","R-D","Distraction","39",1,"E2",1,0,0,0,1,20
"134","sub-12","R-D","Distraction","40",3,"E2",1,0,0,0,1,20
"135","sub-12","R-D","Distraction","41",3,"E2",1,0,0,0,1,20
"136","sub-12","R-D","Distraction","42",1,"E2",1,0,0,0,1,20
"137","sub-12","R-D","Distraction","45",1,"E2",1,0,0,0,1,20
"138","sub-12","R-D","Distraction","46",0,"E2",1,0,0,0,1,20
"139","sub-12","R-D","Distraction","47",3,"E2",0,0,0,1,0,20
"140","sub-12","R-D","Distraction","48",2,"E2",1,0,0,0,1,20
"141","sub-12","R-D","Distraction","49",0,"E2",1,0,0,0,1,20
"142","sub-12","R-D","Distraction","50",0,"E2",1,0,0,0,1,20
"143","sub-14","R-D","Rest","1",1,"E1",1,0,0,0,1,15
"144","sub-14","R-D","Rest","11",3,"E1",1,0,0,0,1,15
"145","sub-14","R-D","Rest","13",3,"E1",1,0,0,0,1,15
"146","sub-14","R-D","Rest","15",1,"E1",1,0,0,0,1,15
"147","sub-14","R-D","Rest","16",3,"E1",1,0,0,0,1,15
"148","sub-14","R-D","Rest","17",2,"E1",1,0,0,0,1,15
"149","sub-14","R-D","Rest","19",1,"E1",1,0,0,0,1,15
"150","sub-14","R-D","Rest","20",3,"E1",1,0,0,0,1,15
"151","sub-14","R-D","Rest","21",3,"E1",1,0,0,0,1,15
"152","sub-14","R-D","Rest","24",2,"E1",1,0,0,0,1,15
"153","sub-14","R-D","Rest","25",2,"E1",1,0,0,0,1,15
"154","sub-14","R-D","Rest","5",2,"E1",1,0,0,0,1,15
"155","sub-14","R-D","Rest","7",2,"E1",1,0,0,0,1,15
"156","sub-14","R-D","Rest","8",3,"E1",0,0,0,1,0,15
"157","sub-14","R-D","Rest","9",2,"E1",1,0,0,0,1,15
"158","sub-14","R-D","Distraction","27",0,"E2",0,0,0,1,0,21
"159","sub-14","R-D","Distraction","28",0,"E2",1,0,0,0,1,21
"160","sub-14","R-D","Distraction","29",0,"E2",1,0,0,0,1,21
"161","sub-14","R-D","Distraction","30",0,"E2",1,0,0,0,1,21
"162","sub-14","R-D","Distraction","32",3,"E2",1,0,0,0,1,21
"163","sub-14","R-D","Distraction","34",3,"E2",1,0,0,0,1,21
"164","sub-14","R-D","Distraction","35",1,"E2",1,0,0,0,1,21
"165","sub-14","R-D","Distraction","36",1,"E2",1,0,0,0,1,21
"166","sub-14","R-D","Distraction","37",2,"E2",1,0,0,0,1,21
"167","sub-14","R-D","Distraction","38",3,"E2",1,0,0,0,1,21
"168","sub-14","R-D","Distraction","39",2,"E2",1,0,0,0,1,21
"169","sub-14","R-D","Distraction","40",2,"E2",1,0,0,0,1,21
"170","sub-14","R-D","Distraction","41",2,"E2",1,0,0,0,1,21
"171","sub-14","R-D","Distraction","42",3,"E2",1,0,0,0,1,21
"172","sub-14","R-D","Distraction","43",2,"E2",1,0,0,0,1,21
"173","sub-14","R-D","Distraction","44",3,"E2",1,0,0,0,1,21
"174","sub-14","R-D","Distraction","45",3,"E2",1,0,0,0,1,21
"175","sub-14","R-D","Distraction","46",1,"E2",1,0,0,0,1,21
"176","sub-14","R-D","Distraction","47",3,"E2",1,0,0,0,1,21
"177","sub-14","R-D","Distraction","48",2,"E2",1,0,0,0,1,21
"178","sub-14","R-D","Distraction","50",3,"E2",1,0,0,0,1,21
"179","sub-16","R-D","Rest","1",1,"E1",1,0,0,0,1,17
"180","sub-16","R-D","Rest","10",3,"E1",1,0,0,0,1,17
"181","sub-16","R-D","Rest","12",0,"E1",1,0,0,0,1,17
"182","sub-16","R-D","Rest","13",2,"E1",1,0,0,0,1,17
"183","sub-16","R-D","Rest","14",1,"E1",1,0,0,0,1,17
"184","sub-16","R-D","Rest","15",0,"E1",1,0,0,0,1,17
"185","sub-16","R-D","Rest","16",1,"E1",1,0,0,0,1,17
"186","sub-16","R-D","Rest","18",0,"E1",1,0,0,0,1,17
"187","sub-16","R-D","Rest","19",0,"E1",1,0,0,0,1,17
"188","sub-16","R-D","Rest","20",0,"E1",1,0,0,0,1,17
"189","sub-16","R-D","Rest","23",0,"E1",1,0,0,0,1,17
"190","sub-16","R-D","Rest","25",0,"E1",1,0,0,0,1,17
"191","sub-16","R-D","Rest","4",0,"E1",1,0,0,0,1,17
"192","sub-16","R-D","Rest","6",2,"E1",1,0,0,0,1,17
"193","sub-16","R-D","Rest","7",1,"E1",1,0,0,0,1,17
"194","sub-16","R-D","Rest","8",0,"E1",1,0,0,0,1,17
"195","sub-16","R-D","Rest","9",2,"E1",1,0,0,0,1,17
"196","sub-16","R-D","Distraction","26",1,"E2",1,0,0,0,1,24
"197","sub-16","R-D","Distraction","27",0,"E2",0,0,0,1,0,24
"198","sub-16","R-D","Distraction","28",2,"E2",1,0,0,0,1,24
"199","sub-16","R-D","Distraction","29",2,"E2",1,0,0,0,1,24
"200","sub-16","R-D","Distraction","30",0,"E2",1,0,0,0,1,24
"201","sub-16","R-D","Distraction","31",0,"E2",1,0,0,0,1,24
"202","sub-16","R-D","Distraction","32",0,"E2",1,0,0,0,1,24
"203","sub-16","R-D","Distraction","33",0,"E2",1,0,0,0,1,24
"204","sub-16","R-D","Distraction","34",0,"E2",1,0,0,0,1,24
"205","sub-16","R-D","Distraction","35",2,"E2",1,0,0,0,1,24
"206","sub-16","R-D","Distraction","36",2,"E2",1,0,0,0,1,24
"207","sub-16","R-D","Distraction","37",1,"E2",1,0,0,0,1,24
"208","sub-16","R-D","Distraction","38",2,"E2",1,0,0,0,1,24
"209","sub-16","R-D","Distraction","39",0,"E2",1,0,0,0,1,24
"210","sub-16","R-D","Distraction","41",3,"E2",1,0,0,0,1,24
"211","sub-16","R-D","Distraction","42",1,"E2",1,0,0,0,1,24
"212","sub-16","R-D","Distraction","43",2,"E2",1,0,0,0,1,24
"213","sub-16","R-D","Distraction","44",0,"E2",1,0,0,0,1,24
"214","sub-16","R-D","Distraction","45",2,"E2",1,0,0,0,1,24
"215","sub-16","R-D","Distraction","46",0,"E2",1,0,0,0,1,24
"216","sub-16","R-D","Distraction","47",1,"E2",1,0,0,0,1,24
"217","sub-16","R-D","Distraction","48",0,"E2",1,0,0,0,1,24
"218","sub-16","R-D","Distraction","49",1,"E2",1,0,0,0,1,24
"219","sub-16","R-D","Distraction","50",0,"E2",1,0,0,0,1,24
"220","sub-19","R-D","Rest","10",1,"E1",1,0,0,0,1,15
"221","sub-19","R-D","Rest","11",0,"E1",1,0,0,0,1,15
"222","sub-19","R-D","Rest","12",0,"E1",1,0,0,0,1,15
"223","sub-19","R-D","Rest","16",1,"E1",1,0,0,0,1,15
"224","sub-19","R-D","Rest","17",2,"E1",0,0,0,1,0,15
"225","sub-19","R-D","Rest","18",1,"E1",1,0,0,0,1,15
"226","sub-19","R-D","Rest","2",1,"E1",0,0,0,1,0,15
"227","sub-19","R-D","Rest","20",2,"E1",1,0,0,0,1,15
"228","sub-19","R-D","Rest","21",0,"E1",1,0,0,0,1,15
"229","sub-19","R-D","Rest","22",2,"E1",1,0,0,0,1,15
"230","sub-19","R-D","Rest","24",2,"E1",0,0,0,1,0,15
"231","sub-19","R-D","Rest","25",1,"E1",1,0,0,0,1,15
"232","sub-19","R-D","Rest","4",2,"E1",1,0,0,0,1,15
"233","sub-19","R-D","Rest","8",1,"E1",1,0,0,0,1,15
"234","sub-19","R-D","Rest","9",2,"E1",1,0,0,0,1,15
"235","sub-19","R-D","Distraction","27",2,"E2",1,0,0,0,1,18
"236","sub-19","R-D","Distraction","28",0,"E2",1,0,0,0,1,18
"237","sub-19","R-D","Distraction","30",1,"E2",1,0,0,0,1,18
"238","sub-19","R-D","Distraction","33",3,"E2",1,0,0,0,1,18
"239","sub-19","R-D","Distraction","34",3,"E2",1,0,0,0,1,18
"240","sub-19","R-D","Distraction","35",2,"E2",1,0,0,0,1,18
"241","sub-19","R-D","Distraction","36",1,"E2",1,0,0,0,1,18
"242","sub-19","R-D","Distraction","37",0,"E2",1,0,0,0,1,18
"243","sub-19","R-D","Distraction","38",0,"E2",1,0,0,0,1,18
"244","sub-19","R-D","Distraction","39",1,"E2",1,0,0,0,1,18
"245","sub-19","R-D","Distraction","40",1,"E2",1,0,0,0,1,18
"246","sub-19","R-D","Distraction","41",1,"E2",1,0,0,0,1,18
"247","sub-19","R-D","Distraction","42",0,"E2",1,0,0,0,1,18
"248","sub-19","R-D","Distraction","44",0,"E2",1,0,0,0,1,18
"249","sub-19","R-D","Distraction","46",3,"E2",1,0,0,0,1,18
"250","sub-19","R-D","Distraction","47",0,"E2",1,0,0,0,1,18
"251","sub-19","R-D","Distraction","48",0,"E2",1,0,0,0,1,18
"252","sub-19","R-D","Distraction","50",3,"E2",1,0,0,0,1,18
"253","sub-20","D-R","Rest","26",1,"E2",1,0,0,0,1,25
"254","sub-20","D-R","Rest","27",3,"E2",1,0,0,0,1,25
"255","sub-20","D-R","Rest","28",0,"E2",1,0,0,0,1,25
"256","sub-20","D-R","Rest","29",1,"E2",1,0,0,0,1,25
"257","sub-20","D-R","Rest","30",1,"E2",1,0,0,0,1,25
"258","sub-20","D-R","Rest","31",1,"E2",1,0,0,0,1,25
"259","sub-20","D-R","Rest","32",3,"E2",1,0,0,0,1,25
"260","sub-20","D-R","Rest","33",2,"E2",1,0,0,0,1,25
"261","sub-20","D-R","Rest","34",2,"E2",1,0,0,0,1,25
"262","sub-20","D-R","Rest","35",1,"E2",1,0,0,0,1,25
"263","sub-20","D-R","Rest","36",1,"E2",1,0,0,0,1,25
"264","sub-20","D-R","Rest","37",1,"E2",1,0,0,0,1,25
"265","sub-20","D-R","Rest","38",0,"E2",1,0,0,0,1,25
"266","sub-20","D-R","Rest","39",2,"E2",1,0,0,0,1,25
"267","sub-20","D-R","Rest","40",0,"E2",1,0,0,0,1,25
"268","sub-20","D-R","Rest","41",1,"E2",1,0,0,0,1,25
"269","sub-20","D-R","Rest","42",2,"E2",1,0,0,0,1,25
"270","sub-20","D-R","Rest","43",2,"E2",1,0,0,0,1,25
"271","sub-20","D-R","Rest","44",1,"E2",1,0,0,0,1,25
"272","sub-20","D-R","Rest","45",2,"E2",1,0,0,0,1,25
"273","sub-20","D-R","Rest","46",0,"E2",1,0,0,0,1,25
"274","sub-20","D-R","Rest","47",0,"E2",1,0,0,0,1,25
"275","sub-20","D-R","Rest","48",0,"E2",1,0,0,0,1,25
"276","sub-20","D-R","Rest","49",1,"E2",1,0,0,0,1,25
"277","sub-20","D-R","Rest","50",3,"E2",1,0,0,0,1,25
"278","sub-20","D-R","Distraction","1",2,"E1",1,0,0,0,1,23
"279","sub-20","D-R","Distraction","10",2,"E1",1,0,0,0,1,23
"280","sub-20","D-R","Distraction","11",2,"E1",1,0,0,0,1,23
"281","sub-20","D-R","Distraction","12",0,"E1",1,0,0,0,1,23
"282","sub-20","D-R","Distraction","13",1,"E1",1,0,0,0,1,23
"283","sub-20","D-R","Distraction","14",0,"E1",1,0,0,0,1,23
"284","sub-20","D-R","Distraction","15",1,"E1",1,0,0,0,1,23
"285","sub-20","D-R","Distraction","16",1,"E1",1,0,0,0,1,23
"286","sub-20","D-R","Distraction","17",0,"E1",1,0,0,0,1,23
"287","sub-20","D-R","Distraction","18",0,"E1",1,0,0,0,1,23
"288","sub-20","D-R","Distraction","19",1,"E1",1,0,0,0,1,23
"289","sub-20","D-R","Distraction","2",3,"E1",1,0,0,0,1,23
"290","sub-20","D-R","Distraction","20",0,"E1",1,0,0,0,1,23
"291","sub-20","D-R","Distraction","21",1,"E1",1,0,0,0,1,23
"292","sub-20","D-R","Distraction","23",1,"E1",1,0,0,0,1,23
"293","sub-20","D-R","Distraction","24",1,"E1",1,0,0,0,1,23
"294","sub-20","D-R","Distraction","25",0,"E1",1,0,0,0,1,23
"295","sub-20","D-R","Distraction","3",1,"E1",1,0,0,0,1,23
"296","sub-20","D-R","Distraction","4",1,"E1",1,0,0,0,1,23
"297","sub-20","D-R","Distraction","5",3,"E1",1,0,0,0,1,23
"298","sub-20","D-R","Distraction","7",1,"E1",1,0,0,0,1,23
"299","sub-20","D-R","Distraction","8",0,"E1",1,0,0,0,1,23
"300","sub-20","D-R","Distraction","9",1,"E1",1,0,0,0,1,23
"301","sub-22","D-R","Rest","26",1,"E2",1,0,0,0,1,24
"302","sub-22","D-R","Rest","27",3,"E2",1,0,0,0,1,24
"303","sub-22","D-R","Rest","28",2,"E2",1,0,0,0,1,24
"304","sub-22","D-R","Rest","29",2,"E2",1,0,0,0,1,24
"305","sub-22","D-R","Rest","30",0,"E2",1,0,0,0,1,24
"306","sub-22","D-R","Rest","31",3,"E2",1,0,0,0,1,24
"307","sub-22","D-R","Rest","33",3,"E2",1,0,0,0,1,24
"308","sub-22","D-R","Rest","34",0,"E2",1,0,0,0,1,24
"309","sub-22","D-R","Rest","35",2,"E2",1,0,0,0,1,24
"310","sub-22","D-R","Rest","36",0,"E2",1,0,0,0,1,24
"311","sub-22","D-R","Rest","37",0,"E2",1,0,0,0,1,24
"312","sub-22","D-R","Rest","38",0,"E2",1,0,0,0,1,24
"313","sub-22","D-R","Rest","39",0,"E2",1,0,0,0,1,24
"314","sub-22","D-R","Rest","40",2,"E2",1,0,0,0,1,24
"315","sub-22","D-R","Rest","41",2,"E2",1,0,0,0,1,24
"316","sub-22","D-R","Rest","42",2,"E2",1,0,0,0,1,24
"317","sub-22","D-R","Rest","43",0,"E2",1,0,0,0,1,24
"318","sub-22","D-R","Rest","44",3,"E2",1,0,0,0,1,24
"319","sub-22","D-R","Rest","45",0,"E2",1,0,0,0,1,24
"320","sub-22","D-R","Rest","46",3,"E2",1,0,0,0,1,24
"321","sub-22","D-R","Rest","47",0,"E2",1,0,0,0,1,24
"322","sub-22","D-R","Rest","48",0,"E2",1,0,0,0,1,24
"323","sub-22","D-R","Rest","49",1,"E2",1,0,0,0,1,24
"324","sub-22","D-R","Rest","50",0,"E2",1,0,0,0,1,24
"325","sub-22","D-R","Distraction","10",0,"E1",1,0,0,0,1,24
"326","sub-22","D-R","Distraction","11",3,"E1",1,0,0,0,1,24
"327","sub-22","D-R","Distraction","12",1,"E1",1,0,0,0,1,24
"328","sub-22","D-R","Distraction","13",3,"E1",1,0,0,0,1,24
"329","sub-22","D-R","Distraction","14",3,"E1",1,0,0,0,1,24
"330","sub-22","D-R","Distraction","15",1,"E1",1,0,0,0,1,24
"331","sub-22","D-R","Distraction","16",1,"E1",1,0,0,0,1,24
"332","sub-22","D-R","Distraction","17",1,"E1",1,0,0,0,1,24
"333","sub-22","D-R","Distraction","18",1,"E1",1,0,0,0,1,24
"334","sub-22","D-R","Distraction","19",3,"E1",1,0,0,0,1,24
"335","sub-22","D-R","Distraction","2",3,"E1",1,0,0,0,1,24
"336","sub-22","D-R","Distraction","20",2,"E1",1,0,0,0,1,24
"337","sub-22","D-R","Distraction","21",1,"E1",1,0,0,0,1,24
"338","sub-22","D-R","Distraction","22",0,"E1",1,0,0,0,1,24
"339","sub-22","D-R","Distraction","23",0,"E1",1,0,0,0,1,24
"340","sub-22","D-R","Distraction","24",3,"E1",1,0,0,0,1,24
"341","sub-22","D-R","Distraction","25",2,"E1",1,0,0,0,1,24
"342","sub-22","D-R","Distraction","3",3,"E1",1,0,0,0,1,24
"343","sub-22","D-R","Distraction","4",2,"E1",1,0,0,0,1,24
"344","sub-22","D-R","Distraction","5",1,"E1",1,0,0,0,1,24
"345","sub-22","D-R","Distraction","6",0,"E1",1,0,0,0,1,24
"346","sub-22","D-R","Distraction","7",3,"E1",1,0,0,0,1,24
"347","sub-22","D-R","Distraction","8",0,"E1",1,0,0,0,1,24
"348","sub-22","D-R","Distraction","9",3,"E1",1,0,0,0,1,24
"349","sub-23","R-D","Rest","1",1,"E1",1,0,0,0,1,23
"350","sub-23","R-D","Rest","10",0,"E1",1,0,0,0,1,23
"351","sub-23","R-D","Rest","11",0,"E1",1,0,0,0,1,23
"352","sub-23","R-D","Rest","12",1,"E1",1,0,0,0,1,23
"353","sub-23","R-D","Rest","13",0,"E1",1,0,0,0,1,23
"354","sub-23","R-D","Rest","15",2,"E1",1,0,0,0,1,23
"355","sub-23","R-D","Rest","16",1,"E1",1,0,0,0,1,23
"356","sub-23","R-D","Rest","17",3,"E1",1,0,0,0,1,23
"357","sub-23","R-D","Rest","18",3,"E1",1,0,0,0,1,23
"358","sub-23","R-D","Rest","19",0,"E1",0,0,0,1,0,23
"359","sub-23","R-D","Rest","2",0,"E1",1,0,0,0,1,23
"360","sub-23","R-D","Rest","20",0,"E1",1,0,0,0,1,23
"361","sub-23","R-D","Rest","21",2,"E1",1,0,0,0,1,23
"362","sub-23","R-D","Rest","22",3,"E1",1,0,0,0,1,23
"363","sub-23","R-D","Rest","23",1,"E1",1,0,0,0,1,23
"364","sub-23","R-D","Rest","25",0,"E1",1,0,0,0,1,23
"365","sub-23","R-D","Rest","3",3,"E1",1,0,0,0,1,23
"366","sub-23","R-D","Rest","4",2,"E1",1,0,0,0,1,23
"367","sub-23","R-D","Rest","5",1,"E1",1,0,0,0,1,23
"368","sub-23","R-D","Rest","6",0,"E1",1,0,0,0,1,23
"369","sub-23","R-D","Rest","7",3,"E1",1,0,0,0,1,23
"370","sub-23","R-D","Rest","8",3,"E1",1,0,0,0,1,23
"371","sub-23","R-D","Rest","9",1,"E1",1,0,0,0,1,23
"372","sub-23","R-D","Distraction","26",1,"E2",1,0,0,0,1,25
"373","sub-23","R-D","Distraction","27",0,"E2",1,0,0,0,1,25
"374","sub-23","R-D","Distraction","28",0,"E2",1,0,0,0,1,25
"375","sub-23","R-D","Distraction","29",3,"E2",1,0,0,0,1,25
"376","sub-23","R-D","Distraction","30",0,"E2",1,0,0,0,1,25
"377","sub-23","R-D","Distraction","31",2,"E2",1,0,0,0,1,25
"378","sub-23","R-D","Distraction","32",3,"E2",1,0,0,0,1,25
"379","sub-23","R-D","Distraction","33",0,"E2",1,0,0,0,1,25
"380","sub-23","R-D","Distraction","34",0,"E2",1,0,0,0,1,25
"381","sub-23","R-D","Distraction","35",1,"E2",1,0,0,0,1,25
"382","sub-23","R-D","Distraction","36",0,"E2",1,0,0,0,1,25
"383","sub-23","R-D","Distraction","37",1,"E2",1,0,0,0,1,25
"384","sub-23","R-D","Distraction","38",0,"E2",1,0,0,0,1,25
"385","sub-23","R-D","Distraction","39",3,"E2",1,0,0,0,1,25
"386","sub-23","R-D","Distraction","40",2,"E2",1,0,0,0,1,25
"387","sub-23","R-D","Distraction","41",1,"E2",1,0,0,0,1,25
"388","sub-23","R-D","Distraction","42",0,"E2",1,0,0,0,1,25
"389","sub-23","R-D","Distraction","43",2,"E2",1,0,0,0,1,25
"390","sub-23","R-D","Distraction","44",0,"E2",1,0,0,0,1,25
"391","sub-23","R-D","Distraction","45",0,"E2",1,0,0,0,1,25
"392","sub-23","R-D","Distraction","46",3,"E2",1,0,0,0,1,25
"393","sub-23","R-D","Distraction","47",3,"E2",1,0,0,0,1,25
"394","sub-23","R-D","Distraction","48",0,"E2",1,0,0,0,1,25
"395","sub-23","R-D","Distraction","49",0,"E2",1,0,0,0,1,25
"396","sub-23","R-D","Distraction","50",3,"E2",1,0,0,0,1,25
"397","sub-24","D-R","Rest","26",3,"E2",1,0,0,0,1,17
"398","sub-24","D-R","Rest","30",2,"E2",1,0,0,0,1,17
"399","sub-24","D-R","Rest","32",0,"E2",1,0,0,0,1,17
"400","sub-24","D-R","Rest","33",2,"E2",1,0,0,0,1,17
"401","sub-24","D-R","Rest","34",0,"E2",1,0,0,0,1,17
"402","sub-24","D-R","Rest","35",3,"E2",1,0,0,0,1,17
"403","sub-24","D-R","Rest","36",3,"E2",1,0,0,0,1,17
"404","sub-24","D-R","Rest","38",2,"E2",1,0,0,0,1,17
"405","sub-24","D-R","Rest","39",0,"E2",1,0,0,0,1,17
"406","sub-24","D-R","Rest","40",2,"E2",1,0,0,0,1,17
"407","sub-24","D-R","Rest","41",3,"E2",1,0,0,0,1,17
"408","sub-24","D-R","Rest","43",0,"E2",1,0,0,0,1,17
"409","sub-24","D-R","Rest","44",0,"E2",1,0,0,0,1,17
"410","sub-24","D-R","Rest","46",2,"E2",1,0,0,0,1,17
"411","sub-24","D-R","Rest","47",0,"E2",1,0,0,0,1,17
"412","sub-24","D-R","Rest","49",3,"E2",1,0,0,0,1,17
"413","sub-24","D-R","Rest","50",1,"E2",1,0,0,0,1,17
"414","sub-24","D-R","Distraction","1",2,"E1",1,0,0,0,1,16
"415","sub-24","D-R","Distraction","12",1,"E1",1,0,0,0,1,16
"416","sub-24","D-R","Distraction","14",3,"E1",1,0,0,0,1,16
"417","sub-24","D-R","Distraction","15",2,"E1",1,0,0,0,1,16
"418","sub-24","D-R","Distraction","16",1,"E1",1,0,0,0,1,16
"419","sub-24","D-R","Distraction","17",3,"E1",1,0,0,0,1,16
"420","sub-24","D-R","Distraction","18",0,"E1",1,0,0,0,1,16
"421","sub-24","D-R","Distraction","19",1,"E1",0,0,0,1,0,16
"422","sub-24","D-R","Distraction","20",2,"E1",1,0,0,0,1,16
"423","sub-24","D-R","Distraction","22",0,"E1",1,0,0,0,1,16
"424","sub-24","D-R","Distraction","23",0,"E1",0,0,0,1,0,16
"425","sub-24","D-R","Distraction","25",0,"E1",1,0,0,0,1,16
"426","sub-24","D-R","Distraction","3",3,"E1",1,0,0,0,1,16
"427","sub-24","D-R","Distraction","4",1,"E1",1,0,0,0,1,16
"428","sub-24","D-R","Distraction","5",3,"E1",1,0,0,0,1,16
"429","sub-24","D-R","Distraction","6",2,"E1",1,0,0,0,1,16
"430","sub-25","R-D","Rest","1",2,"E1",1,0,0,0,1,23
"431","sub-25","R-D","Rest","10",0,"E1",1,0,0,0,1,23
"432","sub-25","R-D","Rest","11",0,"E1",1,0,0,0,1,23
"433","sub-25","R-D","Rest","12",2,"E1",1,0,0,0,1,23
"434","sub-25","R-D","Rest","13",0,"E1",1,0,0,0,1,23
"435","sub-25","R-D","Rest","14",1,"E1",1,0,0,0,1,23
"436","sub-25","R-D","Rest","15",2,"E1",1,0,0,0,1,23
"437","sub-25","R-D","Rest","16",2,"E1",1,0,0,0,1,23
"438","sub-25","R-D","Rest","17",0,"E1",1,0,0,0,1,23
"439","sub-25","R-D","Rest","18",1,"E1",1,0,0,0,1,23
"440","sub-25","R-D","Rest","19",0,"E1",1,0,0,0,1,23
"441","sub-25","R-D","Rest","20",0,"E1",1,0,0,0,1,23
"442","sub-25","R-D","Rest","21",0,"E1",1,0,0,0,1,23
"443","sub-25","R-D","Rest","22",0,"E1",0,0,0,1,0,23
"444","sub-25","R-D","Rest","23",1,"E1",1,0,0,0,1,23
"445","sub-25","R-D","Rest","24",0,"E1",1,0,0,0,1,23
"446","sub-25","R-D","Rest","25",1,"E1",1,0,0,0,1,23
"447","sub-25","R-D","Rest","3",0,"E1",0,0,0,1,0,23
"448","sub-25","R-D","Rest","4",1,"E1",1,0,0,0,1,23
"449","sub-25","R-D","Rest","5",0,"E1",0,0,0,1,0,23
"450","sub-25","R-D","Rest","6",2,"E1",1,0,0,0,1,23
"451","sub-25","R-D","Rest","7",3,"E1",1,0,0,0,1,23
"452","sub-25","R-D","Rest","8",0,"E1",1,0,0,0,1,23
"453","sub-25","R-D","Distraction","26",1,"E2",1,0,0,0,1,21
"454","sub-25","R-D","Distraction","27",2,"E2",1,0,0,0,1,21
"455","sub-25","R-D","Distraction","30",0,"E2",1,0,0,0,1,21
"456","sub-25","R-D","Distraction","31",2,"E2",1,0,0,0,1,21
"457","sub-25","R-D","Distraction","32",1,"E2",1,0,0,0,1,21
"458","sub-25","R-D","Distraction","34",1,"E2",1,0,0,0,1,21
"459","sub-25","R-D","Distraction","35",0,"E2",1,0,0,0,1,21
"460","sub-25","R-D","Distraction","36",0,"E2",1,0,0,0,1,21
"461","sub-25","R-D","Distraction","38",2,"E2",1,0,0,0,1,21
"462","sub-25","R-D","Distraction","39",1,"E2",1,0,0,0,1,21
"463","sub-25","R-D","Distraction","40",0,"E2",1,0,0,0,1,21
"464","sub-25","R-D","Distraction","41",1,"E2",1,0,0,0,1,21
"465","sub-25","R-D","Distraction","42",0,"E2",1,0,0,0,1,21
"466","sub-25","R-D","Distraction","43",0,"E2",1,0,0,0,1,21
"467","sub-25","R-D","Distraction","44",0,"E2",1,0,0,0,1,21
"468","sub-25","R-D","Distraction","45",1,"E2",1,0,0,0,1,21
"469","sub-25","R-D","Distraction","46",0,"E2",0,0,0,1,0,21
"470","sub-25","R-D","Distraction","47",2,"E2",1,0,0,0,1,21
"471","sub-25","R-D","Distraction","48",1,"E2",1,0,0,0,1,21
"472","sub-25","R-D","Distraction","49",1,"E2",1,0,0,0,1,21
"473","sub-25","R-D","Distraction","50",0,"E2",1,0,0,0,1,21
"474","sub-26","R-D","Rest","11",2,"E1",1,0,0,0,1,20
"475","sub-26","R-D","Rest","12",3,"E1",1,0,0,0,1,20
"476","sub-26","R-D","Rest","13",1,"E1",0,0,0,1,0,20
"477","sub-26","R-D","Rest","14",0,"E1",1,0,0,0,1,20
"478","sub-26","R-D","Rest","15",0,"E1",1,0,0,0,1,20
"479","sub-26","R-D","Rest","16",3,"E1",1,0,0,0,1,20
"480","sub-26","R-D","Rest","17",3,"E1",1,0,0,0,1,20
"481","sub-26","R-D","Rest","19",0,"E1",1,0,0,0,1,20
"482","sub-26","R-D","Rest","2",2,"E1",0,0,0,1,0,20
"483","sub-26","R-D","Rest","20",1,"E1",0,0,0,1,0,20
"484","sub-26","R-D","Rest","21",0,"E1",1,0,0,0,1,20
"485","sub-26","R-D","Rest","22",1,"E1",1,0,0,0,1,20
"486","sub-26","R-D","Rest","23",0,"E1",1,0,0,0,1,20
"487","sub-26","R-D","Rest","24",3,"E1",1,0,0,0,1,20
"488","sub-26","R-D","Rest","25",0,"E1",0,0,0,1,0,20
"489","sub-26","R-D","Rest","3",1,"E1",0,0,0,1,0,20
"490","sub-26","R-D","Rest","4",0,"E1",0,0,0,1,0,20
"491","sub-26","R-D","Rest","5",0,"E1",0,0,0,1,0,20
"492","sub-26","R-D","Rest","7",1,"E1",0,0,0,1,0,20
"493","sub-26","R-D","Rest","9",1,"E1",1,0,0,0,1,20
"494","sub-26","R-D","Distraction","26",1,"E2",0,0,0,1,0,17
"495","sub-26","R-D","Distraction","28",3,"E2",1,0,0,0,1,17
"496","sub-26","R-D","Distraction","29",0,"E2",1,0,0,0,1,17
"497","sub-26","R-D","Distraction","30",0,"E2",0,0,0,1,0,17
"498","sub-26","R-D","Distraction","31",0,"E2",1,0,0,0,1,17
"499","sub-26","R-D","Distraction","32",0,"E2",1,0,0,0,1,17
"500","sub-26","R-D","Distraction","33",2,"E2",1,0,0,0,1,17
"501","sub-26","R-D","Distraction","35",1,"E2",1,0,0,0,1,17
"502","sub-26","R-D","Distraction","37",2,"E2",1,0,0,0,1,17
"503","sub-26","R-D","Distraction","38",1,"E2",1,0,0,0,1,17
"504","sub-26","R-D","Distraction","40",0,"E2",1,0,0,0,1,17
"505","sub-26","R-D","Distraction","42",0,"E2",1,0,0,0,1,17
"506","sub-26","R-D","Distraction","44",1,"E2",1,0,0,0,1,17
"507","sub-26","R-D","Distraction","46",0,"E2",0,0,0,1,0,17
"508","sub-26","R-D","Distraction","48",3,"E2",1,0,0,0,1,17
"509","sub-26","R-D","Distraction","49",0,"E2",1,0,0,0,1,17
"510","sub-26","R-D","Distraction","50",2,"E2",0,0,0,1,0,17
"511","sub-30","D-R","Rest","26",2,"E2",1,0,0,0,1,23
"512","sub-30","D-R","Rest","27",1,"E2",1,0,0,0,1,23
"513","sub-30","D-R","Rest","29",1,"E2",1,0,0,0,1,23
"514","sub-30","D-R","Rest","30",0,"E2",1,0,0,0,1,23
"515","sub-30","D-R","Rest","31",2,"E2",1,0,0,0,1,23
"516","sub-30","D-R","Rest","32",1,"E2",1,0,0,0,1,23
"517","sub-30","D-R","Rest","33",0,"E2",1,0,0,0,1,23
"518","sub-30","D-R","Rest","35",0,"E2",1,0,0,0,1,23
"519","sub-30","D-R","Rest","36",0,"E2",1,0,0,0,1,23
"520","sub-30","D-R","Rest","37",1,"E2",1,0,0,0,1,23
"521","sub-30","D-R","Rest","38",3,"E2",1,0,0,0,1,23
"522","sub-30","D-R","Rest","39",2,"E2",1,0,0,0,1,23
"523","sub-30","D-R","Rest","40",0,"E2",1,0,0,0,1,23
"524","sub-30","D-R","Rest","41",2,"E2",1,0,0,0,1,23
"525","sub-30","D-R","Rest","42",2,"E2",1,0,0,0,1,23
"526","sub-30","D-R","Rest","43",3,"E2",1,0,0,0,1,23
"527","sub-30","D-R","Rest","44",1,"E2",1,0,0,0,1,23
"528","sub-30","D-R","Rest","45",0,"E2",1,0,0,0,1,23
"529","sub-30","D-R","Rest","46",0,"E2",1,0,0,0,1,23
"530","sub-30","D-R","Rest","47",3,"E2",1,0,0,0,1,23
"531","sub-30","D-R","Rest","48",3,"E2",1,0,0,0,1,23
"532","sub-30","D-R","Rest","49",1,"E2",1,0,0,0,1,23
"533","sub-30","D-R","Rest","50",3,"E2",1,0,0,0,1,23
"534","sub-30","D-R","Distraction","10",0,"E1",0,0,0,1,0,18
"535","sub-30","D-R","Distraction","11",3,"E1",1,0,0,0,1,18
"536","sub-30","D-R","Distraction","12",2,"E1",1,0,0,0,1,18
"537","sub-30","D-R","Distraction","14",3,"E1",1,0,0,0,1,18
"538","sub-30","D-R","Distraction","15",1,"E1",1,0,0,0,1,18
"539","sub-30","D-R","Distraction","17",3,"E1",1,0,0,0,1,18
"540","sub-30","D-R","Distraction","19",2,"E1",1,0,0,0,1,18
"541","sub-30","D-R","Distraction","2",1,"E1",1,0,0,0,1,18
"542","sub-30","D-R","Distraction","21",3,"E1",1,0,0,0,1,18
"543","sub-30","D-R","Distraction","23",0,"E1",1,0,0,0,1,18
"544","sub-30","D-R","Distraction","24",3,"E1",1,0,0,0,1,18
"545","sub-30","D-R","Distraction","25",1,"E1",1,0,0,0,1,18
"546","sub-30","D-R","Distraction","3",0,"E1",1,0,0,0,1,18
"547","sub-30","D-R","Distraction","4",1,"E1",1,0,0,0,1,18
"548","sub-30","D-R","Distraction","6",3,"E1",1,0,0,0,1,18
"549","sub-30","D-R","Distraction","7",0,"E1",1,0,0,0,1,18
"550","sub-30","D-R","Distraction","8",0,"E1",1,0,0,0,1,18
"551","sub-30","D-R","Distraction","9",3,"E1",1,0,0,0,1,18
"552","sub-31","R-D","Rest","1",2,"E1",1,0,0,0,1,19
"553","sub-31","R-D","Rest","10",3,"E1",1,0,0,0,1,19
"554","sub-31","R-D","Rest","11",0,"E1",1,0,0,0,1,19
"555","sub-31","R-D","Rest","12",0,"E1",0,0,0,1,0,19
"556","sub-31","R-D","Rest","15",0,"E1",1,0,0,0,1,19
"557","sub-31","R-D","Rest","16",0,"E1",0,0,0,1,0,19
"558","sub-31","R-D","Rest","17",0,"E1",0,0,0,1,0,19
"559","sub-31","R-D","Rest","18",0,"E1",1,0,0,0,1,19
"560","sub-31","R-D","Rest","19",2,"E1",1,0,0,0,1,19
"561","sub-31","R-D","Rest","2",1,"E1",1,0,0,0,1,19
"562","sub-31","R-D","Rest","20",2,"E1",1,0,0,0,1,19
"563","sub-31","R-D","Rest","21",1,"E1",1,0,0,0,1,19
"564","sub-31","R-D","Rest","22",0,"E1",0,0,0,1,0,19
"565","sub-31","R-D","Rest","23",3,"E1",1,0,0,0,1,19
"566","sub-31","R-D","Rest","25",0,"E1",1,0,0,0,1,19
"567","sub-31","R-D","Rest","3",3,"E1",1,0,0,0,1,19
"568","sub-31","R-D","Rest","4",2,"E1",1,0,0,0,1,19
"569","sub-31","R-D","Rest","5",0,"E1",0,0,0,1,0,19
"570","sub-31","R-D","Rest","7",1,"E1",1,0,0,0,1,19
"571","sub-31","R-D","Distraction","27",0,"E2",1,0,0,0,1,13
"572","sub-31","R-D","Distraction","28",3,"E2",1,0,0,0,1,13
"573","sub-31","R-D","Distraction","30",0,"E2",1,0,0,0,1,13
"574","sub-31","R-D","Distraction","32",0,"E2",1,0,0,0,1,13
"575","sub-31","R-D","Distraction","35",3,"E2",1,0,0,0,1,13
"576","sub-31","R-D","Distraction","36",0,"E2",1,0,0,0,1,13
"577","sub-31","R-D","Distraction","38",0,"E2",1,0,0,0,1,13
"578","sub-31","R-D","Distraction","39",2,"E2",1,0,0,0,1,13
"579","sub-31","R-D","Distraction","40",2,"E2",1,0,0,0,1,13
"580","sub-31","R-D","Distraction","44",1,"E2",1,0,0,0,1,13
"581","sub-31","R-D","Distraction","45",1,"E2",1,0,0,0,1,13
"582","sub-31","R-D","Distraction","46",0,"E2",1,0,0,0,1,13
"583","sub-31","R-D","Distraction","49",2,"E2",1,0,0,0,1,13
"584","sub-34","R-D","Rest","10",0,"E1",1,0,0,0,1,13
"585","sub-34","R-D","Rest","11",1,"E1",1,0,0,0,1,13
"586","sub-34","R-D","Rest","12",1,"E1",1,0,0,0,1,13
"587","sub-34","R-D","Rest","15",1,"E1",0,0,0,1,0,13
"588","sub-34","R-D","Rest","18",0,"E1",1,0,0,0,1,13
"589","sub-34","R-D","Rest","19",0,"E1",1,0,0,0,1,13
"590","sub-34","R-D","Rest","2",1,"E1",1,0,0,0,1,13
"591","sub-34","R-D","Rest","20",0,"E1",1,0,0,0,1,13
"592","sub-34","R-D","Rest","21",0,"E1",1,0,0,0,1,13
"593","sub-34","R-D","Rest","23",0,"E1",1,0,0,0,1,13
"594","sub-34","R-D","Rest","25",0,"E1",1,0,0,0,1,13
"595","sub-34","R-D","Rest","5",0,"E1",0,0,0,1,0,13
"596","sub-34","R-D","Rest","9",0,"E1",1,0,0,0,1,13
"597","sub-34","R-D","Distraction","26",0,"E2",1,0,0,0,1,23
"598","sub-34","R-D","Distraction","28",0,"E2",1,0,0,0,1,23
"599","sub-34","R-D","Distraction","29",1,"E2",1,0,0,0,1,23
"600","sub-34","R-D","Distraction","30",0,"E2",1,0,0,0,1,23
"601","sub-34","R-D","Distraction","31",1,"E2",1,0,0,0,1,23
"602","sub-34","R-D","Distraction","32",2,"E2",1,0,0,0,1,23
"603","sub-34","R-D","Distraction","33",1,"E2",1,0,0,0,1,23
"604","sub-34","R-D","Distraction","34",0,"E2",1,0,0,0,1,23
"605","sub-34","R-D","Distraction","35",0,"E2",0,0,0,1,0,23
"606","sub-34","R-D","Distraction","36",0,"E2",1,0,0,0,1,23
"607","sub-34","R-D","Distraction","37",1,"E2",1,0,0,0,1,23
"608","sub-34","R-D","Distraction","38",0,"E2",1,0,0,0,1,23
"609","sub-34","R-D","Distraction","39",0,"E2",1,0,0,0,1,23
"610","sub-34","R-D","Distraction","40",3,"E2",1,0,0,0,1,23
"611","sub-34","R-D","Distraction","41",0,"E2",1,0,0,0,1,23
"612","sub-34","R-D","Distraction","42",0,"E2",1,0,0,0,1,23
"613","sub-34","R-D","Distraction","43",2,"E2",1,0,0,0,1,23
"614","sub-34","R-D","Distraction","44",0,"E2",1,0,0,0,1,23
"615","sub-34","R-D","Distraction","46",1,"E2",1,0,0,0,1,23
"616","sub-34","R-D","Distraction","47",0,"E2",1,0,0,0,1,23
"617","sub-34","R-D","Distraction","48",0,"E2",1,0,0,0,1,23
"618","sub-34","R-D","Distraction","49",0,"E2",1,0,0,0,1,23
"619","sub-34","R-D","Distraction","50",1,"E2",1,0,0,0,1,23
"620","sub-38","D-R","Rest","28",2,"E2",1,0,0,0,1,18
"621","sub-38","D-R","Rest","29",0,"E2",1,0,0,0,1,18
"622","sub-38","D-R","Rest","31",0,"E2",1,0,0,0,1,18
"623","sub-38","D-R","Rest","32",2,"E2",1,0,0,0,1,18
"624","sub-38","D-R","Rest","33",1,"E2",1,0,0,0,1,18
"625","sub-38","D-R","Rest","34",2,"E2",1,0,0,0,1,18
"626","sub-38","D-R","Rest","35",3,"E2",1,0,0,0,1,18
"627","sub-38","D-R","Rest","37",3,"E2",1,0,0,0,1,18
"628","sub-38","D-R","Rest","38",1,"E2",1,0,0,0,1,18
"629","sub-38","D-R","Rest","39",0,"E2",1,0,0,0,1,18
"630","sub-38","D-R","Rest","40",3,"E2",1,0,0,0,1,18
"631","sub-38","D-R","Rest","41",0,"E2",1,0,0,0,1,18
"632","sub-38","D-R","Rest","43",0,"E2",1,0,0,0,1,18
"633","sub-38","D-R","Rest","44",2,"E2",1,0,0,0,1,18
"634","sub-38","D-R","Rest","45",3,"E2",1,0,0,0,1,18
"635","sub-38","D-R","Rest","46",3,"E2",1,0,0,0,1,18
"636","sub-38","D-R","Rest","48",3,"E2",1,0,0,0,1,18
"637","sub-38","D-R","Rest","50",0,"E2",1,0,0,0,1,18
"638","sub-38","D-R","Distraction","11",0,"E1",1,0,0,0,1,18
"639","sub-38","D-R","Distraction","12",0,"E1",1,0,0,0,1,18
"640","sub-38","D-R","Distraction","13",0,"E1",1,0,0,0,1,18
"641","sub-38","D-R","Distraction","14",0,"E1",1,0,0,0,1,18
"642","sub-38","D-R","Distraction","15",2,"E1",1,0,0,0,1,18
"643","sub-38","D-R","Distraction","16",3,"E1",1,0,0,0,1,18
"644","sub-38","D-R","Distraction","17",2,"E1",1,0,0,0,1,18
"645","sub-38","D-R","Distraction","18",0,"E1",1,0,0,0,1,18
"646","sub-38","D-R","Distraction","20",2,"E1",1,0,0,0,1,18
"647","sub-38","D-R","Distraction","21",0,"E1",1,0,0,0,1,18
"648","sub-38","D-R","Distraction","22",3,"E1",1,0,0,0,1,18
"649","sub-38","D-R","Distraction","24",0,"E1",1,0,0,0,1,18
"650","sub-38","D-R","Distraction","25",0,"E1",1,0,0,0,1,18
"651","sub-38","D-R","Distraction","4",1,"E1",1,0,0,0,1,18
"652","sub-38","D-R","Distraction","6",2,"E1",0,0,0,1,0,18
"653","sub-38","D-R","Distraction","7",2,"E1",1,0,0,0,1,18
"654","sub-38","D-R","Distraction","8",0,"E1",1,0,0,0,1,18
"655","sub-38","D-R","Distraction","9",0,"E1",1,0,0,0,1,18
"656","sub-40","D-R","Rest","26",1,"E2",1,0,0,0,1,21
"657","sub-40","D-R","Rest","27",0,"E2",0,0,0,1,0,21
"658","sub-40","D-R","Rest","28",0,"E2",1,0,0,0,1,21
"659","sub-40","D-R","Rest","29",0,"E2",1,0,0,0,1,21
"660","sub-40","D-R","Rest","30",0,"E2",1,0,0,0,1,21
"661","sub-40","D-R","Rest","31",0,"E2",1,0,0,0,1,21
"662","sub-40","D-R","Rest","32",1,"E2",1,0,0,0,1,21
"663","sub-40","D-R","Rest","34",0,"E2",1,0,0,0,1,21
"664","sub-40","D-R","Rest","35",1,"E2",1,0,0,0,1,21
"665","sub-40","D-R","Rest","37",0,"E2",1,0,0,0,1,21
"666","sub-40","D-R","Rest","39",1,"E2",1,0,0,0,1,21
"667","sub-40","D-R","Rest","40",1,"E2",1,0,0,0,1,21
"668","sub-40","D-R","Rest","41",1,"E2",1,0,0,0,1,21
"669","sub-40","D-R","Rest","42",0,"E2",1,0,0,0,1,21
"670","sub-40","D-R","Rest","43",2,"E2",1,0,0,0,1,21
"671","sub-40","D-R","Rest","44",1,"E2",1,0,0,0,1,21
"672","sub-40","D-R","Rest","46",3,"E2",1,0,0,0,1,21
"673","sub-40","D-R","Rest","47",1,"E2",1,0,0,0,1,21
"674","sub-40","D-R","Rest","48",2,"E2",1,0,0,0,1,21
"675","sub-40","D-R","Rest","49",1,"E2",1,0,0,0,1,21
"676","sub-40","D-R","Rest","50",1,"E2",1,0,0,0,1,21
"677","sub-40","D-R","Distraction","10",1,"E1",1,0,0,0,1,22
"678","sub-40","D-R","Distraction","11",0,"E1",1,0,0,0,1,22
"679","sub-40","D-R","Distraction","12",3,"E1",1,0,0,0,1,22
"680","sub-40","D-R","Distraction","13",1,"E1",1,0,0,0,1,22
"681","sub-40","D-R","Distraction","14",0,"E1",1,0,0,0,1,22
"682","sub-40","D-R","Distraction","15",0,"E1",1,0,0,0,1,22
"683","sub-40","D-R","Distraction","16",0,"E1",1,0,0,0,1,22
"684","sub-40","D-R","Distraction","17",2,"E1",1,0,0,0,1,22
"685","sub-40","D-R","Distraction","18",0,"E1",1,0,0,0,1,22
"686","sub-40","D-R","Distraction","19",3,"E1",1,0,0,0,1,22
"687","sub-40","D-R","Distraction","2",2,"E1",1,0,0,0,1,22
"688","sub-40","D-R","Distraction","20",0,"E1",1,0,0,0,1,22
"689","sub-40","D-R","Distraction","21",0,"E1",1,0,0,0,1,22
"690","sub-40","D-R","Distraction","22",0,"E1",1,0,0,0,1,22
"691","sub-40","D-R","Distraction","23",0,"E1",1,0,0,0,1,22
"692","sub-40","D-R","Distraction","3",0,"E1",1,0,0,0,1,22
"693","sub-40","D-R","Distraction","4",0,"E1",1,0,0,0,1,22
"694","sub-40","D-R","Distraction","5",3,"E1",1,0,0,0,1,22
"695","sub-40","D-R","Distraction","6",3,"E1",1,0,0,0,1,22
"696","sub-40","D-R","Distraction","7",1,"E1",1,0,0,0,1,22
"697","sub-40","D-R","Distraction","8",0,"E1",1,0,0,0,1,22
"698","sub-40","D-R","Distraction","9",1,"E1",1,0,0,0,1,22
"699","sub-41","D-R","Rest","26",3,"E2",1,0,0,0,1,20
"700","sub-41","D-R","Rest","27",3,"E2",1,0,0,0,1,20
"701","sub-41","D-R","Rest","28",2,"E2",0,0,0,1,0,20
"702","sub-41","D-R","Rest","29",3,"E2",1,0,0,0,1,20
"703","sub-41","D-R","Rest","30",1,"E2",1,0,0,0,1,20
"704","sub-41","D-R","Rest","31",2,"E2",1,0,0,0,1,20
"705","sub-41","D-R","Rest","32",2,"E2",1,0,0,0,1,20
"706","sub-41","D-R","Rest","34",1,"E2",1,0,0,0,1,20
"707","sub-41","D-R","Rest","36",2,"E2",1,0,0,0,1,20
"708","sub-41","D-R","Rest","38",2,"E2",1,0,0,0,1,20
"709","sub-41","D-R","Rest","40",3,"E2",1,0,0,0,1,20
"710","sub-41","D-R","Rest","42",3,"E2",1,0,0,0,1,20
"711","sub-41","D-R","Rest","43",1,"E2",1,0,0,0,1,20
"712","sub-41","D-R","Rest","44",1,"E2",1,0,0,0,1,20
"713","sub-41","D-R","Rest","45",2,"E2",1,0,0,0,1,20
"714","sub-41","D-R","Rest","46",1,"E2",0,0,0,1,0,20
"715","sub-41","D-R","Rest","47",2,"E2",1,0,0,0,1,20
"716","sub-41","D-R","Rest","48",1,"E2",1,0,0,0,1,20
"717","sub-41","D-R","Rest","49",2,"E2",1,0,0,0,1,20
"718","sub-41","D-R","Rest","50",2,"E2",1,0,0,0,1,20
"719","sub-41","D-R","Distraction","1",1,"E1",1,0,0,0,1,13
"720","sub-41","D-R","Distraction","10",0,"E1",1,0,0,0,1,13
"721","sub-41","D-R","Distraction","11",3,"E1",1,0,0,0,1,13
"722","sub-41","D-R","Distraction","12",2,"E1",0,0,0,1,0,13
"723","sub-41","D-R","Distraction","15",1,"E1",0,0,0,1,0,13
"724","sub-41","D-R","Distraction","17",2,"E1",1,0,0,0,1,13
"725","sub-41","D-R","Distraction","20",3,"E1",1,0,0,0,1,13
"726","sub-41","D-R","Distraction","21",2,"E1",1,0,0,0,1,13
"727","sub-41","D-R","Distraction","22",1,"E1",1,0,0,0,1,13
"728","sub-41","D-R","Distraction","24",1,"E1",1,0,0,0,1,13
"729","sub-41","D-R","Distraction","25",2,"E1",1,0,0,0,1,13
"730","sub-41","D-R","Distraction","5",1,"E1",1,0,0,0,1,13
"731","sub-41","D-R","Distraction","9",1,"E1",0,0,0,1,0,13
"732","sub-43","R-D","Rest","10",1,"E1",1,0,0,0,1,23
"733","sub-43","R-D","Rest","11",1,"E1",1,0,0,0,1,23
"734","sub-43","R-D","Rest","12",3,"E1",1,0,0,0,1,23
"735","sub-43","R-D","Rest","13",0,"E1",1,0,0,0,1,23
"736","sub-43","R-D","Rest","14",3,"E1",1,0,0,0,1,23
"737","sub-43","R-D","Rest","15",1,"E1",1,0,0,0,1,23
"738","sub-43","R-D","Rest","16",1,"E1",1,0,0,0,1,23
"739","sub-43","R-D","Rest","17",1,"E1",1,0,0,0,1,23
"740","sub-43","R-D","Rest","18",2,"E1",1,0,0,0,1,23
"741","sub-43","R-D","Rest","19",1,"E1",1,0,0,0,1,23
"742","sub-43","R-D","Rest","2",0,"E1",1,0,0,0,1,23
"743","sub-43","R-D","Rest","20",0,"E1",1,0,0,0,1,23
"744","sub-43","R-D","Rest","21",0,"E1",1,0,0,0,1,23
"745","sub-43","R-D","Rest","23",2,"E1",1,0,0,0,1,23
"746","sub-43","R-D","Rest","24",0,"E1",1,0,0,0,1,23
"747","sub-43","R-D","Rest","25",1,"E1",1,0,0,0,1,23
"748","sub-43","R-D","Rest","3",1,"E1",1,0,0,0,1,23
"749","sub-43","R-D","Rest","4",1,"E1",1,0,0,0,1,23
"750","sub-43","R-D","Rest","5",2,"E1",1,0,0,0,1,23
"751","sub-43","R-D","Rest","6",1,"E1",1,0,0,0,1,23
"752","sub-43","R-D","Rest","7",1,"E1",1,0,0,0,1,23
"753","sub-43","R-D","Rest","8",0,"E1",1,0,0,0,1,23
"754","sub-43","R-D","Rest","9",2,"E1",1,0,0,0,1,23
"755","sub-43","R-D","Distraction","26",1,"E2",1,0,0,0,1,25
"756","sub-43","R-D","Distraction","27",0,"E2",1,0,0,0,1,25
"757","sub-43","R-D","Distraction","28",0,"E2",1,0,0,0,1,25
"758","sub-43","R-D","Distraction","29",1,"E2",1,0,0,0,1,25
"759","sub-43","R-D","Distraction","30",1,"E2",1,0,0,0,1,25
"760","sub-43","R-D","Distraction","31",2,"E2",1,0,0,0,1,25
"761","sub-43","R-D","Distraction","32",0,"E2",1,0,0,0,1,25
"762","sub-43","R-D","Distraction","33",1,"E2",1,0,0,0,1,25
"763","sub-43","R-D","Distraction","34",1,"E2",1,0,0,0,1,25
"764","sub-43","R-D","Distraction","35",1,"E2",1,0,0,0,1,25
"765","sub-43","R-D","Distraction","36",3,"E2",1,0,0,0,1,25
"766","sub-43","R-D","Distraction","37",2,"E2",1,0,0,0,1,25
"767","sub-43","R-D","Distraction","38",2,"E2",1,0,0,0,1,25
"768","sub-43","R-D","Distraction","39",2,"E2",1,0,0,0,1,25
"769","sub-43","R-D","Distraction","40",1,"E2",1,0,0,0,1,25
"770","sub-43","R-D","Distraction","41",0,"E2",1,0,0,0,1,25
"771","sub-43","R-D","Distraction","42",3,"E2",1,0,0,0,1,25
"772","sub-43","R-D","Distraction","43",1,"E2",1,0,0,0,1,25
"773","sub-43","R-D","Distraction","44",0,"E2",1,0,0,0,1,25
"774","sub-43","R-D","Distraction","45",0,"E2",1,0,0,0,1,25
"775","sub-43","R-D","Distraction","46",1,"E2",1,0,0,0,1,25
"776","sub-43","R-D","Distraction","47",2,"E2",1,0,0,0,1,25
"777","sub-43","R-D","Distraction","48",2,"E2",1,0,0,0,1,25
"778","sub-43","R-D","Distraction","49",0,"E2",1,0,0,0,1,25
"779","sub-43","R-D","Distraction","50",2,"E2",1,0,0,0,1,25
"780","sub-44","R-D","Rest","10",2,"E1",0,0,0,1,0,13
"781","sub-44","R-D","Rest","11",1,"E1",1,0,0,0,1,13
"782","sub-44","R-D","Rest","15",3,"E1",1,0,0,0,1,13
"783","sub-44","R-D","Rest","16",3,"E1",0,0,0,1,0,13
"784","sub-44","R-D","Rest","17",0,"E1",0,0,0,1,0,13
"785","sub-44","R-D","Rest","18",1,"E1",1,0,0,0,1,13
"786","sub-44","R-D","Rest","19",2,"E1",1,0,0,0,1,13
"787","sub-44","R-D","Rest","2",2,"E1",1,0,0,0,1,13
"788","sub-44","R-D","Rest","21",2,"E1",0,0,0,1,0,13
"789","sub-44","R-D","Rest","3",1,"E1",1,0,0,0,1,13
"790","sub-44","R-D","Rest","4",3,"E1",0,0,0,1,0,13
"791","sub-44","R-D","Rest","5",3,"E1",0,0,0,1,0,13
"792","sub-44","R-D","Rest","7",3,"E1",0,0,0,1,0,13
"793","sub-44","R-D","Distraction","26",3,"E2",1,0,0,0,1,11
"794","sub-44","R-D","Distraction","30",3,"E2",1,0,0,0,1,11
"795","sub-44","R-D","Distraction","37",3,"E2",1,0,0,0,1,11
"796","sub-44","R-D","Distraction","38",3,"E2",0,0,0,1,0,11
"797","sub-44","R-D","Distraction","42",0,"E2",0,0,0,1,0,11
"798","sub-44","R-D","Distraction","43",3,"E2",1,0,0,0,1,11
"799","sub-44","R-D","Distraction","45",3,"E2",1,0,0,0,1,11
"800","sub-44","R-D","Distraction","47",3,"E2",1,0,0,0,1,11
"801","sub-44","R-D","Distraction","48",1,"E2",0,0,0,1,0,11
"802","sub-44","R-D","Distraction","49",3,"E2",1,0,0,0,1,11
"803","sub-44","R-D","Distraction","50",3,"E2",1,0,0,0,1,11
"804","sub-45","D-R","Rest","26",1,"E2",1,0,0,0,1,24
"805","sub-45","D-R","Rest","27",2,"E2",1,0,0,0,1,24
"806","sub-45","D-R","Rest","28",2,"E2",1,0,0,0,1,24
"807","sub-45","D-R","Rest","29",2,"E2",1,0,0,0,1,24
"808","sub-45","D-R","Rest","30",3,"E2",1,0,0,0,1,24
"809","sub-45","D-R","Rest","32",2,"E2",1,0,0,0,1,24
"810","sub-45","D-R","Rest","33",2,"E2",1,0,0,0,1,24
"811","sub-45","D-R","Rest","34",1,"E2",1,0,0,0,1,24
"812","sub-45","D-R","Rest","35",2,"E2",1,0,0,0,1,24
"813","sub-45","D-R","Rest","36",3,"E2",1,0,0,0,1,24
"814","sub-45","D-R","Rest","37",1,"E2",1,0,0,0,1,24
"815","sub-45","D-R","Rest","38",1,"E2",1,0,0,0,1,24
"816","sub-45","D-R","Rest","39",0,"E2",1,0,0,0,1,24
"817","sub-45","D-R","Rest","40",2,"E2",1,0,0,0,1,24
"818","sub-45","D-R","Rest","41",2,"E2",1,0,0,0,1,24
"819","sub-45","D-R","Rest","42",1,"E2",1,0,0,0,1,24
"820","sub-45","D-R","Rest","43",1,"E2",1,0,0,0,1,24
"821","sub-45","D-R","Rest","44",1,"E2",1,0,0,0,1,24
"822","sub-45","D-R","Rest","45",3,"E2",1,0,0,0,1,24
"823","sub-45","D-R","Rest","46",2,"E2",1,0,0,0,1,24
"824","sub-45","D-R","Rest","47",2,"E2",1,0,0,0,1,24
"825","sub-45","D-R","Rest","48",3,"E2",1,0,0,0,1,24
"826","sub-45","D-R","Rest","49",1,"E2",1,0,0,0,1,24
"827","sub-45","D-R","Rest","50",3,"E2",1,0,0,0,1,24
"828","sub-45","D-R","Distraction","1",2,"E1",1,0,0,0,1,21
"829","sub-45","D-R","Distraction","10",1,"E1",1,0,0,0,1,21
"830","sub-45","D-R","Distraction","11",0,"E1",1,0,0,0,1,21
"831","sub-45","D-R","Distraction","12",1,"E1",1,0,0,0,1,21
"832","sub-45","D-R","Distraction","13",2,"E1",1,0,0,0,1,21
"833","sub-45","D-R","Distraction","14",3,"E1",1,0,0,0,1,21
"834","sub-45","D-R","Distraction","16",3,"E1",1,0,0,0,1,21
"835","sub-45","D-R","Distraction","17",1,"E1",0,0,0,1,0,21
"836","sub-45","D-R","Distraction","18",3,"E1",1,0,0,0,1,21
"837","sub-45","D-R","Distraction","19",3,"E1",1,0,0,0,1,21
"838","sub-45","D-R","Distraction","2",1,"E1",1,0,0,0,1,21
"839","sub-45","D-R","Distraction","20",1,"E1",0,0,0,1,0,21
"840","sub-45","D-R","Distraction","21",0,"E1",1,0,0,0,1,21
"841","sub-45","D-R","Distraction","23",3,"E1",1,0,0,0,1,21
"842","sub-45","D-R","Distraction","25",3,"E1",1,0,0,0,1,21
"843","sub-45","D-R","Distraction","3",0,"E1",1,0,0,0,1,21
"844","sub-45","D-R","Distraction","4",3,"E1",1,0,0,0,1,21
"845","sub-45","D-R","Distraction","5",3,"E1",1,0,0,0,1,21
"846","sub-45","D-R","Distraction","6",0,"E1",1,0,0,0,1,21
"847","sub-45","D-R","Distraction","7",1,"E1",1,0,0,0,1,21
"848","sub-45","D-R","Distraction","8",3,"E1",1,0,0,0,1,21
"849","sub-46","D-R","Rest","27",2,"E2",1,0,0,0,1,15
"850","sub-46","D-R","Rest","28",2,"E2",1,0,0,0,1,15
"851","sub-46","D-R","Rest","29",3,"E2",1,0,0,0,1,15
"852","sub-46","D-R","Rest","32",3,"E2",1,0,0,0,1,15
"853","sub-46","D-R","Rest","34",0,"E2",1,0,0,0,1,15
"854","sub-46","D-R","Rest","38",0,"E2",1,0,0,0,1,15
"855","sub-46","D-R","Rest","39",0,"E2",1,0,0,0,1,15
"856","sub-46","D-R","Rest","40",2,"E2",1,0,0,0,1,15
"857","sub-46","D-R","Rest","41",3,"E2",1,0,0,0,1,15
"858","sub-46","D-R","Rest","42",0,"E2",1,0,0,0,1,15
"859","sub-46","D-R","Rest","43",3,"E2",0,0,0,1,0,15
"860","sub-46","D-R","Rest","44",0,"E2",0,0,0,1,0,15
"861","sub-46","D-R","Rest","48",0,"E2",1,0,0,0,1,15
"862","sub-46","D-R","Rest","49",1,"E2",1,0,0,0,1,15
"863","sub-46","D-R","Rest","50",1,"E2",1,0,0,0,1,15
"864","sub-46","D-R","Distraction","10",0,"E1",1,0,0,0,1,13
"865","sub-46","D-R","Distraction","11",3,"E1",1,0,0,0,1,13
"866","sub-46","D-R","Distraction","13",2,"E1",1,0,0,0,1,13
"867","sub-46","D-R","Distraction","17",0,"E1",1,0,0,0,1,13
"868","sub-46","D-R","Distraction","18",0,"E1",1,0,0,0,1,13
"869","sub-46","D-R","Distraction","2",3,"E1",1,0,0,0,1,13
"870","sub-46","D-R","Distraction","20",2,"E1",1,0,0,0,1,13
"871","sub-46","D-R","Distraction","21",0,"E1",1,0,0,0,1,13
"872","sub-46","D-R","Distraction","25",1,"E1",1,0,0,0,1,13
"873","sub-46","D-R","Distraction","5",2,"E1",1,0,0,0,1,13
"874","sub-46","D-R","Distraction","6",0,"E1",1,0,0,0,1,13
"875","sub-46","D-R","Distraction","7",3,"E1",1,0,0,0,1,13
"876","sub-46","D-R","Distraction","9",1,"E1",1,0,0,0,1,13
"877","sub-47","R-D","Rest","1",1,"E1",1,0,0,0,1,21
"878","sub-47","R-D","Rest","10",2,"E1",1,0,0,0,1,21
"879","sub-47","R-D","Rest","11",1,"E1",1,0,0,0,1,21
"880","sub-47","R-D","Rest","12",0,"E1",1,0,0,0,1,21
"881","sub-47","R-D","Rest","13",1,"E1",1,0,0,0,1,21
"882","sub-47","R-D","Rest","14",1,"E1",1,0,0,0,1,21
"883","sub-47","R-D","Rest","15",1,"E1",1,0,0,0,1,21
"884","sub-47","R-D","Rest","16",1,"E1",1,0,0,0,1,21
"885","sub-47","R-D","Rest","17",0,"E1",1,0,0,0,1,21
"886","sub-47","R-D","Rest","18",0,"E1",1,0,0,0,1,21
"887","sub-47","R-D","Rest","19",0,"E1",1,0,0,0,1,21
"888","sub-47","R-D","Rest","2",1,"E1",1,0,0,0,1,21
"889","sub-47","R-D","Rest","21",0,"E1",1,0,0,0,1,21
"890","sub-47","R-D","Rest","22",1,"E1",1,0,0,0,1,21
"891","sub-47","R-D","Rest","23",0,"E1",1,0,0,0,1,21
"892","sub-47","R-D","Rest","25",1,"E1",1,0,0,0,1,21
"893","sub-47","R-D","Rest","3",3,"E1",1,0,0,0,1,21
"894","sub-47","R-D","Rest","5",3,"E1",1,0,0,0,1,21
"895","sub-47","R-D","Rest","6",2,"E1",1,0,0,0,1,21
"896","sub-47","R-D","Rest","8",0,"E1",1,0,0,0,1,21
"897","sub-47","R-D","Rest","9",0,"E1",1,0,0,0,1,21
"898","sub-47","R-D","Distraction","28",1,"E2",1,0,0,0,1,22
"899","sub-47","R-D","Distraction","29",3,"E2",1,0,0,0,1,22
"900","sub-47","R-D","Distraction","30",1,"E2",1,0,0,0,1,22
"901","sub-47","R-D","Distraction","31",1,"E2",1,0,0,0,1,22
"902","sub-47","R-D","Distraction","32",2,"E2",1,0,0,0,1,22
"903","sub-47","R-D","Distraction","33",3,"E2",1,0,0,0,1,22
"904","sub-47","R-D","Distraction","34",1,"E2",1,0,0,0,1,22
"905","sub-47","R-D","Distraction","35",2,"E2",1,0,0,0,1,22
"906","sub-47","R-D","Distraction","36",0,"E2",1,0,0,0,1,22
"907","sub-47","R-D","Distraction","37",1,"E2",1,0,0,0,1,22
"908","sub-47","R-D","Distraction","38",2,"E2",1,0,0,0,1,22
"909","sub-47","R-D","Distraction","40",1,"E2",1,0,0,0,1,22
"910","sub-47","R-D","Distraction","41",3,"E2",1,0,0,0,1,22
"911","sub-47","R-D","Distraction","42",0,"E2",1,0,0,0,1,22
"912","sub-47","R-D","Distraction","43",0,"E2",1,0,0,0,1,22
"913","sub-47","R-D","Distraction","44",0,"E2",1,0,0,0,1,22
"914","sub-47","R-D","Distraction","45",0,"E2",1,0,0,0,1,22
"915","sub-47","R-D","Distraction","46",2,"E2",1,0,0,0,1,22
"916","sub-47","R-D","Distraction","47",2,"E2",1,0,0,0,1,22
"917","sub-47","R-D","Distraction","48",1,"E2",1,0,0,0,1,22
"918","sub-47","R-D","Distraction","49",3,"E2",1,0,0,0,1,22
"919","sub-47","R-D","Distraction","50",1,"E2",1,0,0,0,1,22
"920","sub-49","R-D","Rest","1",2,"E1",1,0,0,0,1,18
"921","sub-49","R-D","Rest","10",0,"E1",1,0,0,0,1,18
"922","sub-49","R-D","Rest","11",2,"E1",1,0,0,0,1,18
"923","sub-49","R-D","Rest","14",0,"E1",1,0,0,0,1,18
"924","sub-49","R-D","Rest","15",0,"E1",1,0,0,0,1,18
"925","sub-49","R-D","Rest","17",1,"E1",1,0,0,0,1,18
"926","sub-49","R-D","Rest","18",0,"E1",1,0,0,0,1,18
"927","sub-49","R-D","Rest","19",0,"E1",1,0,0,0,1,18
"928","sub-49","R-D","Rest","20",1,"E1",1,0,0,0,1,18
"929","sub-49","R-D","Rest","21",0,"E1",1,0,0,0,1,18
"930","sub-49","R-D","Rest","23",1,"E1",1,0,0,0,1,18
"931","sub-49","R-D","Rest","24",1,"E1",1,0,0,0,1,18
"932","sub-49","R-D","Rest","25",0,"E1",1,0,0,0,1,18
"933","sub-49","R-D","Rest","3",2,"E1",1,0,0,0,1,18
"934","sub-49","R-D","Rest","6",2,"E1",1,0,0,0,1,18
"935","sub-49","R-D","Rest","7",1,"E1",0,0,0,1,0,18
"936","sub-49","R-D","Rest","8",0,"E1",1,0,0,0,1,18
"937","sub-49","R-D","Rest","9",0,"E1",1,0,0,0,1,18
"938","sub-49","R-D","Distraction","26",3,"E2",1,0,0,0,1,22
"939","sub-49","R-D","Distraction","27",3,"E2",1,0,0,0,1,22
"940","sub-49","R-D","Distraction","28",0,"E2",1,0,0,0,1,22
"941","sub-49","R-D","Distraction","29",2,"E2",1,0,0,0,1,22
"942","sub-49","R-D","Distraction","31",1,"E2",1,0,0,0,1,22
"943","sub-49","R-D","Distraction","32",0,"E2",1,0,0,0,1,22
"944","sub-49","R-D","Distraction","33",0,"E2",1,0,0,0,1,22
"945","sub-49","R-D","Distraction","35",3,"E2",1,0,0,0,1,22
"946","sub-49","R-D","Distraction","36",0,"E2",1,0,0,0,1,22
"947","sub-49","R-D","Distraction","37",0,"E2",1,0,0,0,1,22
"948","sub-49","R-D","Distraction","39",1,"E2",1,0,0,0,1,22
"949","sub-49","R-D","Distraction","40",0,"E2",1,0,0,0,1,22
"950","sub-49","R-D","Distraction","41",2,"E2",1,0,0,0,1,22
"951","sub-49","R-D","Distraction","42",3,"E2",1,0,0,0,1,22
"952","sub-49","R-D","Distraction","43",1,"E2",1,0,0,0,1,22
"953","sub-49","R-D","Distraction","44",1,"E2",1,0,0,0,1,22
"954","sub-49","R-D","Distraction","45",0,"E2",1,0,0,0,1,22
"955","sub-49","R-D","Distraction","46",0,"E2",1,0,0,0,1,22
"956","sub-49","R-D","Distraction","47",0,"E2",1,0,0,0,1,22
"957","sub-49","R-D","Distraction","48",1,"E2",1,0,0,0,1,22
"958","sub-49","R-D","Distraction","49",2,"E2",1,0,0,0,1,22
"959","sub-49","R-D","Distraction","50",0,"E2",1,0,0,0,1,22
"960","sub-50","D-R","Rest","26",1,"E2",1,0,0,0,1,18
"961","sub-50","D-R","Rest","27",1,"E2",1,0,0,0,1,18
"962","sub-50","D-R","Rest","28",1,"E2",1,0,0,0,1,18
"963","sub-50","D-R","Rest","29",3,"E2",0,0,0,1,0,18
"964","sub-50","D-R","Rest","33",1,"E2",1,0,0,0,1,18
"965","sub-50","D-R","Rest","35",2,"E2",1,0,0,0,1,18
"966","sub-50","D-R","Rest","37",3,"E2",1,0,0,0,1,18
"967","sub-50","D-R","Rest","38",3,"E2",1,0,0,0,1,18
"968","sub-50","D-R","Rest","39",1,"E2",1,0,0,0,1,18
"969","sub-50","D-R","Rest","41",2,"E2",1,0,0,0,1,18
"970","sub-50","D-R","Rest","42",0,"E2",1,0,0,0,1,18
"971","sub-50","D-R","Rest","44",0,"E2",1,0,0,0,1,18
"972","sub-50","D-R","Rest","45",2,"E2",1,0,0,0,1,18
"973","sub-50","D-R","Rest","46",1,"E2",1,0,0,0,1,18
"974","sub-50","D-R","Rest","47",1,"E2",1,0,0,0,1,18
"975","sub-50","D-R","Rest","48",0,"E2",0,0,0,1,0,18
"976","sub-50","D-R","Rest","49",1,"E2",1,0,0,0,1,18
"977","sub-50","D-R","Rest","50",0,"E2",1,0,0,0,1,18
"978","sub-50","D-R","Distraction","10",1,"E1",1,0,0,0,1,16
"979","sub-50","D-R","Distraction","13",0,"E1",1,0,0,0,1,16
"980","sub-50","D-R","Distraction","15",0,"E1",0,0,0,1,0,16
"981","sub-50","D-R","Distraction","16",1,"E1",1,0,0,0,1,16
"982","sub-50","D-R","Distraction","19",2,"E1",0,0,0,1,0,16
"983","sub-50","D-R","Distraction","20",3,"E1",1,0,0,0,1,16
"984","sub-50","D-R","Distraction","21",1,"E1",0,0,0,1,0,16
"985","sub-50","D-R","Distraction","22",0,"E1",0,0,0,1,0,16
"986","sub-50","D-R","Distraction","23",1,"E1",1,0,0,0,1,16
"987","sub-50","D-R","Distraction","24",2,"E1",0,0,0,1,0,16
"988","sub-50","D-R","Distraction","25",0,"E1",1,0,0,0,1,16
"989","sub-50","D-R","Distraction","3",2,"E1",1,0,0,0,1,16
"990","sub-50","D-R","Distraction","4",0,"E1",1,0,0,0,1,16
"991","sub-50","D-R","Distraction","6",0,"E1",1,0,0,0,1,16
"992","sub-50","D-R","Distraction","8",0,"E1",0,0,0,1,0,16
"993","sub-50","D-R","Distraction","9",3,"E1",0,0,0,1,0,16
"994","sub-52","D-R","Rest","26",3,"E2",1,0,0,0,1,20
"995","sub-52","D-R","Rest","27",2,"E2",1,0,0,0,1,20
"996","sub-52","D-R","Rest","28",1,"E2",1,0,0,0,1,20
"997","sub-52","D-R","Rest","30",1,"E2",1,0,0,0,1,20
"998","sub-52","D-R","Rest","31",2,"E2",1,0,0,0,1,20
"999","sub-52","D-R","Rest","32",2,"E2",1,0,0,0,1,20
"1000","sub-52","D-R","Rest","34",1,"E2",1,0,0,0,1,20
"1001","sub-52","D-R","Rest","36",2,"E2",1,0,0,0,1,20
"1002","sub-52","D-R","Rest","37",2,"E2",1,0,0,0,1,20
"1003","sub-52","D-R","Rest","38",1,"E2",1,0,0,0,1,20
"1004","sub-52","D-R","Rest","39",2,"E2",1,0,0,0,1,20
"1005","sub-52","D-R","Rest","40",2,"E2",1,0,0,0,1,20
"1006","sub-52","D-R","Rest","41",1,"E2",1,0,0,0,1,20
"1007","sub-52","D-R","Rest","42",1,"E2",1,0,0,0,1,20
"1008","sub-52","D-R","Rest","45",2,"E2",1,0,0,0,1,20
"1009","sub-52","D-R","Rest","46",2,"E2",1,0,0,0,1,20
"1010","sub-52","D-R","Rest","47",1,"E2",1,0,0,0,1,20
"1011","sub-52","D-R","Rest","48",1,"E2",1,0,0,0,1,20
"1012","sub-52","D-R","Rest","49",3,"E2",1,0,0,0,1,20
"1013","sub-52","D-R","Rest","50",1,"E2",1,0,0,0,1,20
"1014","sub-52","D-R","Distraction","10",2,"E1",1,0,0,0,1,22
"1015","sub-52","D-R","Distraction","11",2,"E1",1,0,0,0,1,22
"1016","sub-52","D-R","Distraction","12",0,"E1",1,0,0,0,1,22
"1017","sub-52","D-R","Distraction","13",1,"E1",1,0,0,0,1,22
"1018","sub-52","D-R","Distraction","14",3,"E1",1,0,0,0,1,22
"1019","sub-52","D-R","Distraction","15",2,"E1",1,0,0,0,1,22
"1020","sub-52","D-R","Distraction","16",1,"E1",1,0,0,0,1,22
"1021","sub-52","D-R","Distraction","17",0,"E1",1,0,0,0,1,22
"1022","sub-52","D-R","Distraction","18",3,"E1",1,0,0,0,1,22
"1023","sub-52","D-R","Distraction","19",3,"E1",1,0,0,0,1,22
"1024","sub-52","D-R","Distraction","2",1,"E1",1,0,0,0,1,22
"1025","sub-52","D-R","Distraction","21",1,"E1",1,0,0,0,1,22
"1026","sub-52","D-R","Distraction","22",2,"E1",1,0,0,0,1,22
"1027","sub-52","D-R","Distraction","23",0,"E1",1,0,0,0,1,22
"1028","sub-52","D-R","Distraction","25",1,"E1",1,0,0,0,1,22
"1029","sub-52","D-R","Distraction","3",1,"E1",1,0,0,0,1,22
"1030","sub-52","D-R","Distraction","4",0,"E1",1,0,0,0,1,22
"1031","sub-52","D-R","Distraction","5",3,"E1",1,0,0,0,1,22
"1032","sub-52","D-R","Distraction","6",2,"E1",1,0,0,0,1,22
"1033","sub-52","D-R","Distraction","7",1,"E1",1,0,0,0,1,22
"1034","sub-52","D-R","Distraction","8",1,"E1",1,0,0,0,1,22
"1035","sub-52","D-R","Distraction","9",2,"E1",1,0,0,0,1,22
"1036","sub-53","D-R","Rest","27",1,"E2",1,0,0,0,1,16
"1037","sub-53","D-R","Rest","28",3,"E2",1,0,0,0,1,16
"1038","sub-53","D-R","Rest","30",0,"E2",1,0,0,0,1,16
"1039","sub-53","D-R","Rest","31",3,"E2",1,0,0,0,1,16
"1040","sub-53","D-R","Rest","32",1,"E2",1,0,0,0,1,16
"1041","sub-53","D-R","Rest","35",1,"E2",1,0,0,0,1,16
"1042","sub-53","D-R","Rest","38",0,"E2",1,0,0,0,1,16
"1043","sub-53","D-R","Rest","39",2,"E2",1,0,0,0,1,16
"1044","sub-53","D-R","Rest","42",2,"E2",1,0,0,0,1,16
"1045","sub-53","D-R","Rest","44",3,"E2",1,0,0,0,1,16
"1046","sub-53","D-R","Rest","45",1,"E2",0,0,0,1,0,16
"1047","sub-53","D-R","Rest","46",1,"E2",0,0,0,1,0,16
"1048","sub-53","D-R","Rest","47",2,"E2",1,0,0,0,1,16
"1049","sub-53","D-R","Rest","48",1,"E2",1,0,0,0,1,16
"1050","sub-53","D-R","Rest","49",3,"E2",1,0,0,0,1,16
"1051","sub-53","D-R","Rest","50",2,"E2",1,0,0,0,1,16
"1052","sub-53","D-R","Distraction","1",2,"E1",1,0,0,0,1,11
"1053","sub-53","D-R","Distraction","10",3,"E1",1,0,0,0,1,11
"1054","sub-53","D-R","Distraction","15",2,"E1",1,0,0,0,1,11
"1055","sub-53","D-R","Distraction","17",3,"E1",1,0,0,0,1,11
"1056","sub-53","D-R","Distraction","19",3,"E1",1,0,0,0,1,11
"1057","sub-53","D-R","Distraction","2",1,"E1",1,0,0,0,1,11
"1058","sub-53","D-R","Distraction","3",3,"E1",1,0,0,0,1,11
"1059","sub-53","D-R","Distraction","4",0,"E1",1,0,0,0,1,11
"1060","sub-53","D-R","Distraction","5",2,"E1",1,0,0,0,1,11
"1061","sub-53","D-R","Distraction","6",2,"E1",1,0,0,0,1,11
"1062","sub-53","D-R","Distraction","9",0,"E1",1,0,0,0,1,11
"1063","sub-58","D-R","Rest","26",2,"E2",1,0,0,0,1,24
"1064","sub-58","D-R","Rest","27",2,"E2",1,0,0,0,1,24
"1065","sub-58","D-R","Rest","28",1,"E2",1,0,0,0,1,24
"1066","sub-58","D-R","Rest","29",2,"E2",1,0,0,0,1,24
"1067","sub-58","D-R","Rest","30",1,"E2",1,0,0,0,1,24
"1068","sub-58","D-R","Rest","31",1,"E2",1,0,0,0,1,24
"1069","sub-58","D-R","Rest","32",1,"E2",1,0,0,0,1,24
"1070","sub-58","D-R","Rest","33",0,"E2",1,0,0,0,1,24
"1071","sub-58","D-R","Rest","34",2,"E2",1,0,0,0,1,24
"1072","sub-58","D-R","Rest","35",3,"E2",1,0,0,0,1,24
"1073","sub-58","D-R","Rest","36",1,"E2",1,0,0,0,1,24
"1074","sub-58","D-R","Rest","37",1,"E2",1,0,0,0,1,24
"1075","sub-58","D-R","Rest","38",2,"E2",1,0,0,0,1,24
"1076","sub-58","D-R","Rest","39",1,"E2",1,0,0,0,1,24
"1077","sub-58","D-R","Rest","40",2,"E2",1,0,0,0,1,24
"1078","sub-58","D-R","Rest","41",1,"E2",1,0,0,0,1,24
"1079","sub-58","D-R","Rest","42",2,"E2",1,0,0,0,1,24
"1080","sub-58","D-R","Rest","43",2,"E2",1,0,0,0,1,24
"1081","sub-58","D-R","Rest","44",0,"E2",1,0,0,0,1,24
"1082","sub-58","D-R","Rest","45",0,"E2",1,0,0,0,1,24
"1083","sub-58","D-R","Rest","46",3,"E2",1,0,0,0,1,24
"1084","sub-58","D-R","Rest","47",0,"E2",1,0,0,0,1,24
"1085","sub-58","D-R","Rest","49",2,"E2",1,0,0,0,1,24
"1086","sub-58","D-R","Rest","50",1,"E2",1,0,0,0,1,24
"1087","sub-58","D-R","Distraction","1",2,"E1",1,0,0,0,1,22
"1088","sub-58","D-R","Distraction","10",2,"E1",1,0,0,0,1,22
"1089","sub-58","D-R","Distraction","11",2,"E1",1,0,0,0,1,22
"1090","sub-58","D-R","Distraction","12",1,"E1",1,0,0,0,1,22
"1091","sub-58","D-R","Distraction","13",3,"E1",1,0,0,0,1,22
"1092","sub-58","D-R","Distraction","14",1,"E1",1,0,0,0,1,22
"1093","sub-58","D-R","Distraction","15",2,"E1",1,0,0,0,1,22
"1094","sub-58","D-R","Distraction","16",1,"E1",1,0,0,0,1,22
"1095","sub-58","D-R","Distraction","17",1,"E1",1,0,0,0,1,22
"1096","sub-58","D-R","Distraction","18",0,"E1",1,0,0,0,1,22
"1097","sub-58","D-R","Distraction","2",3,"E1",1,0,0,0,1,22
"1098","sub-58","D-R","Distraction","20",2,"E1",1,0,0,0,1,22
"1099","sub-58","D-R","Distraction","21",3,"E1",1,0,0,0,1,22
"1100","sub-58","D-R","Distraction","22",2,"E1",1,0,0,0,1,22
"1101","sub-58","D-R","Distraction","23",1,"E1",1,0,0,0,1,22
"1102","sub-58","D-R","Distraction","25",2,"E1",1,0,0,0,1,22
"1103","sub-58","D-R","Distraction","3",2,"E1",1,0,0,0,1,22
"1104","sub-58","D-R","Distraction","4",2,"E1",1,0,0,0,1,22
"1105","sub-58","D-R","Distraction","5",3,"E1",1,0,0,0,1,22
"1106","sub-58","D-R","Distraction","7",3,"E1",1,0,0,0,1,22
"1107","sub-58","D-R","Distraction","8",2,"E1",1,0,0,0,1,22
"1108","sub-58","D-R","Distraction","9",1,"E1",1,0,0,0,1,22
"1109","sub-59","R-D","Rest","1",2,"E1",1,0,0,0,1,14
"1110","sub-59","R-D","Rest","11",3,"E1",1,0,0,0,1,14
"1111","sub-59","R-D","Rest","12",0,"E1",1,0,0,0,1,14
"1112","sub-59","R-D","Rest","13",3,"E1",1,0,0,0,1,14
"1113","sub-59","R-D","Rest","16",1,"E1",1,0,0,0,1,14
"1114","sub-59","R-D","Rest","17",1,"E1",1,0,0,0,1,14
"1115","sub-59","R-D","Rest","18",1,"E1",1,0,0,0,1,14
"1116","sub-59","R-D","Rest","19",0,"E1",1,0,0,0,1,14
"1117","sub-59","R-D","Rest","2",1,"E1",1,0,0,0,1,14
"1118","sub-59","R-D","Rest","20",2,"E1",1,0,0,0,1,14
"1119","sub-59","R-D","Rest","21",1,"E1",1,0,0,0,1,14
"1120","sub-59","R-D","Rest","23",2,"E1",1,0,0,0,1,14
"1121","sub-59","R-D","Rest","24",2,"E1",1,0,0,0,1,14
"1122","sub-59","R-D","Rest","3",1,"E1",0,0,0,1,0,14
"1123","sub-59","R-D","Distraction","26",1,"E2",1,0,0,0,1,18
"1124","sub-59","R-D","Distraction","29",3,"E2",1,0,0,0,1,18
"1125","sub-59","R-D","Distraction","31",0,"E2",1,0,0,0,1,18
"1126","sub-59","R-D","Distraction","32",1,"E2",1,0,0,0,1,18
"1127","sub-59","R-D","Distraction","33",1,"E2",1,0,0,0,1,18
"1128","sub-59","R-D","Distraction","36",0,"E2",1,0,0,0,1,18
"1129","sub-59","R-D","Distraction","37",0,"E2",1,0,0,0,1,18
"1130","sub-59","R-D","Distraction","39",3,"E2",1,0,0,0,1,18
"1131","sub-59","R-D","Distraction","40",2,"E2",1,0,0,0,1,18
"1132","sub-59","R-D","Distraction","41",0,"E2",1,0,0,0,1,18
"1133","sub-59","R-D","Distraction","42",1,"E2",1,0,0,0,1,18
"1134","sub-59","R-D","Distraction","43",1,"E2",1,0,0,0,1,18
"1135","sub-59","R-D","Distraction","44",3,"E2",1,0,0,0,1,18
"1136","sub-59","R-D","Distraction","45",1,"E2",1,0,0,0,1,18
"1137","sub-59","R-D","Distraction","46",1,"E2",1,0,0,0,1,18
"1138","sub-59","R-D","Distraction","47",1,"E2",1,0,0,0,1,18
"1139","sub-59","R-D","Distraction","48",1,"E2",0,0,0,1,0,18
"1140","sub-59","R-D","Distraction","50",0,"E2",1,0,0,0,1,18
